name,sequence1,loop,temp inverse 1000/K,time,rate,qposition,concentration,sodium,magnisium
T21 0.1,CCCAA,TTTTTTTTTTTTTTTTTTTTT,3.19115527,,14550.15831,,0.00000001,0.1,
T21 0.1,CCCAA,TTTTTTTTTTTTTTTTTTTTT,3.227819988,,11992.26529,,0.00000001,0.1,
T21 0.1,CCCAA,TTTTTTTTTTTTTTTTTTTTT,3.269413598,,12497.53809,,0.00000001,0.1,
T21 0.1,CCCAA,TTTTTTTTTTTTTTTTTTTTT,3.3106955,,10314.36347,,0.00000001,0.1,
T21 0.1,CCCAA,TTTTTTTTTTTTTTTTTTTTT,3.35228911,,10748.94085,,0.00000001,0.1,
T21 0.1,CCCAA,TTTTTTTTTTTTTTTTTTTTT,3.393648938,,9403.942288,,0.00000001,0.1,
T21 0.1,CCCAA,TTTTTTTTTTTTTTTTTTTTT,3.43832067,,9808.957044,,0.00000001,0.1,
T21 0.1,CCCAA,TTTTTTTTTTTTTTTTTTTTT,3.484336645,,8847.380965,,0.00000001,0.1,
T21 0.1,CCCAA,TTTTTTTTTTTTTTTTTTTTT,3.532008572,,8713.46561,,0.00000001,0.1,
T21 0.2,CCCAA,TTTTTTTTTTTTTTTTTTTTT,3.1,,40910.04381,,0.00000001,0.2,
T21 0.2,CCCAA,TTTTTTTTTTTTTTTTTTTTT,3.175079819,,29387.09198,,0.00000001,0.2,
T21 0.2,CCCAA,TTTTTTTTTTTTTTTTTTTTT,3.213661569,,28902.20226,,0.00000001,0.2,
T21 0.2,CCCAA,TTTTTTTTTTTTTTTTTTTTT,3.252293732,,26206.98576,,0.00000001,0.2,
T21 0.2,CCCAA,TTTTTTTTTTTTTTTTTTTTT,3.29663922,,23799.91278,,0.00000001,0.2,
T21 0.2,CCCAA,TTTTTTTTTTTTTTTTTTTTT,3.338094438,,22799.38006,,0.00000001,0.2,
T21 0.2,CCCAA,TTTTTTTTTTTTTTTTTTTTT,3.381028399,,20144.22497,,0.00000001,0.2,
T21 0.2,CCCAA,TTTTTTTTTTTTTTTTTTTTT,3.425390691,,17805.17009,,0.00000001,0.2,
T21 0.2,CCCAA,TTTTTTTTTTTTTTTTTTTTT,3.520013443,,10342.35383,,0.00000001,0.2,
T21 0.5,CCCAA,TTTTTTTTTTTTTTTTTTTTT,3.178571429,,58170.91329,,0.00000001,0.5,
T21 0.5,CCCAA,TTTTTTTTTTTTTTTTTTTTT,3.22,,52197.1822,,0.00000001,0.5,
T21 0.5,CCCAA,TTTTTTTTTTTTTTTTTTTTT,3.26,,48123.02744,,0.00000001,0.5,
T21 0.5,CCCAA,TTTTTTTTTTTTTTTTTTTTT,3.301428571,,39810.71706,,0.00000001,0.5,
T21 0.5,CCCAA,TTTTTTTTTTTTTTTTTTTTT,3.344285714,,33838.55153,,0.00000001,0.5,
T21 0.5,CCCAA,TTTTTTTTTTTTTTTTTTTTT,3.385714286,,21936.96138,,0.00000001,0.5,
T21 0.5,CCCAA,TTTTTTTTTTTTTTTTTTTTT,3.432857143,,18147.78099,,0.00000001,0.5,
T21 0.5,CCCAA,TTTTTTTTTTTTTTTTTTTTT,3.524285714,,11144.45471,,0.00000001,0.5,
,,,,,,,,,
,,,,,,,,,
