name,sequence1,loop,temp inverse 1000/K,time,rate,qposition,concentration,sodium
T21 0.1,CCCAA,TTTTTTTTTTTTTTTTTTTTT,3.182677582,,23768.17099,,0.00000001,0.1
T21 0.1,CCCAA,TTTTTTTTTTTTTTTTTTTTT,3.221241477,,10368.39522,,0.00000001,0.1
T21 0.1,CCCAA,TTTTTTTTTTTTTTTTTTTTT,3.262117969,,6488.188901,,0.00000001,0.1
T21 0.1,CCCAA,TTTTTTTTTTTTTTTTTTTTT,3.304327294,,2678.259674,,0.00000001,0.1
T21 0.1,CCCAA,TTTTTTTTTTTTTTTTTTTTT,3.345896683,,1479.342137,,0.00000001,0.1
T21 0.1,CCCAA,TTTTTTTTTTTTTTTTTTTTT,3.388904826,,751.9402471,,0.00000001,0.1
T21 0.1,CCCAA,TTTTTTTTTTTTTTTTTTTTT,3.435620187,,439.1881978,,0.00000001,0.1
T21 0.1,CCCAA,TTTTTTTTTTTTTTTTTTTTT,3.480111217,,235.9969634,,0.00000001,0.1
T21 0.1,CCCAA,TTTTTTTTTTTTTTTTTTTTT,3.527523887,,123.3678446,,0.00000001,0.1
T21 0.2,CCCAA,TTTTTTTTTTTTTTTTTTTTT,3.180338504,,15245.94065,,0.00000001,0.2
T21 0.2,CCCAA,TTTTTTTTTTTTTTTTTTTTT,3.221148796,,7748.233988,,0.00000001,0.2
T21 0.2,CCCAA,TTTTTTTTTTTTTTTTTTTTT,3.263433149,,4048.963133,,0.00000001,0.2
T21 0.2,CCCAA,TTTTTTTTTTTTTTTTTTTTT,3.304247854,,2086.491186,,0.00000001,0.2
T21 0.2,CCCAA,TTTTTTTTTTTTTTTTTTTTT,3.34583931,,1235.246541,,0.00000001,0.2
T21 0.2,CCCAA,TTTTTTTTTTTTTTTTTTTTT,3.389575656,,619.250245,,0.00000001,0.2
T21 0.2,CCCAA,TTTTTTTTTTTTTTTTTTTTT,3.435553986,,356.6869507,,0.00000001,0.2
T21 0.2,CCCAA,TTTTTTTTTTTTTTTTTTTTT,3.526583843,,64.27485898,,0.00000001,0.2
T21 0.5,CCCAA,TTTTTTTTTTTTTTTTTTTTT,3.106591345,,32982.40516,,0.00000001,0.5
T21 0.5,CCCAA,TTTTTTTTTTTTTTTTTTTTT,3.183118918,,9515.216954,,0.00000001,0.5
T21 0.5,CCCAA,TTTTTTTTTTTTTTTTTTTTT,3.222494869,,5328.349081,,0.00000001,0.5
T21 0.5,CCCAA,TTTTTTTTTTTTTTTTTTTTT,3.263318401,,2823.019384,,0.00000001,0.5
T21 0.5,CCCAA,TTTTTTTTTTTTTTTTTTTTT,3.304115453,,1376.225736,,0.00000001,0.5
T21 0.5,CCCAA,TTTTTTTTTTTTTTTTTTTTT,3.345649535,,680.3177244,,0.00000001,0.5
T21 0.5,CCCAA,TTTTTTTTTTTTTTTTTTTTT,3.389293201,,254.8681172,,0.00000001,0.5
T21 0.5,CCCAA,TTTTTTTTTTTTTTTTTTTTT,3.435907055,,108.1995779,,0.00000001,0.5
T21 0.5,CCCAA,TTTTTTTTTTTTTTTTTTTTT,3.528490412,,25.7340534,,0.00000001,0.5
,,,,,,,,
,,,,,,,,
